,facilityId,totalPage
0,PF_0000594_01,77
1,SMF_888888_01,47
2,PF_0001299_01,31
3,PF_0000374_01,32
4,PF_0000574_01,58
5,PF_0001285_01,33
6,PF_0001285_01,33
7,PF_0000031_01,56
8,PF_0001301_01,53
9,PF_0000321_01,29
10,PF_0001286_01,32
11,PF_0001303_01,55
12,PF_0000029_01,56
13,PF_0001306_01,31
14,PF_0000032_01,37
15,PF_0001300_01,31
16,PF_0000576_01,28
17,PF_0000778_01,23
18,PF_0000145_01,46
19,PF_0001336_01,31
20,PF_0001287_01,33
21,PF_0000336_01,26
22,PF_0001296_01,30
23,PF_0000348_01,29
24,PF_0000304_01,57
25,PF_0001405_01,74
26,PF_0000043_01,21
27,PF_0000116_01,22
28,PF_0000125_01,29
29,PF_0001399_01,55
30,PF_0000227_01,91
31,PF_0001396_01,54
32,PF_0001302_01,58
33,PF_0001122_01,29
34,PF_0001303_01,55
35,PF_0001396_01,79
36,PF_0001303_01,73
37,PF_0000029_01,72
38,PF_0001399_01,78
39,PF_0001302_01,64
40,PF_0000032_01,61
41,PF_0000374_01,44
42,PF_0000574_01,65
43,PF_0001286_01,39
44,PF_0000321_01,23
45,PF_0001122_01,23
46,PF_0000348_01,24
47,PF_0000031_01,79
48,PF_0001289_01,45
49,PF_0001401_01,77
50,PF_0001400_01,73
51,PF_0001402_01,23
52,PF_0000227_01,97
53,PF_0000630_01,29
54,PF_0000587_01,63
55,PF_0002292_01,22
56,PF_0002288_01,22
57,PF_0002305_01,30
58,PF_0002303_01,26
59,PF_0001065_01,25
60,PF_0002297_01,60
61,PF_0002322_01,31
62,PF_0000872_01,22
63,PF_0001644_01,25
64,PF_0001403_01,66
65,PF_0002285_01,42
66,PF_0002304_01,40
67,PF_0002293_01,98
68,PF_0002291_01,98
69,PF_0002290_01,94
70,PF_0002292_01,98
71,PF_0002288_01,94
72,PF_0002305_01,48
73,PF_0002303_01,48
74,PF_0002297_01,52
75,PF_0002322_01,55
76,PF_0001065_01,49
77,PF_0001188_01,30
78,PF_0000587_01,56
79,PF_0001637_01,81
80,PF_0001644_01,44
81,PF_0002530_01,50
82,PF_0002633_01,57
83,PF_0001399_01,61
84,PF_0002521_01,63
85,PF_0001400_01,61
86,PF_0002519_01,64
87,PF_0002525_01,61
88,PF_0000027_01,49
89,PF_0002541_01,26
90,PF_0002538_01,53
91,PF_0001393_01,59
92,PF_0002540_01,32
93,PF_0001401_01,61
94,PF_0000587_01,50
95,PF_0002546_01,39
96,PF_0002545_01,31
97,PF_0002532_01,61
98,PF_0002522_01,50
99,PF_0001008_01,54
100,PF_0002524_01,54
101,PF_0002533_01,42
102,PF_0000374_01,54
103,PF_0002534_01,42
104,PF_0000227_01,49
105,PF_0000574_01,53
106,PF_0000778_01,29
107,PF_0002529_01,61
108,PF_0001302_01,52
109,PF_0001289_01,25
110,PF_0001303_01,50
111,PF_0002549_01,45
112,PF_0002527_01,68
113,PF_0001301_01,56
114,PF_0000029_01,36
115,PF_0000031_01,47
116,PF_0000304_01,26
117,PF_0002552_01,25
118,PF_0002523_01,53
119,PF_0000032_01,53
120,PF_0000203_01,38
121,PF_0001405_01,23
122,PF_0002526_01,61
123,PF_0001396_01,54
124,PF_0002531_01,69
125,PF_0002528_01,75
126,PF_0002550_01,31
127,PFS_0000008_01,50
128,PFS_0000008_01,57
